name,mfr,type,calories,protein,fat,sodium,fiber,carbo,sugars,potass,vitamins,shelf,weight,cups,rating
100% Bran,N,C,70,4,1,130,10,5,6,280,25,3,1,0.33,68.402973
100% Natural Bran,Q,C,120,3,5,15,2,8,8,135,0,3,1,1,33.983679
All-Bran,K,C,70,4,1,260,9,7,5,320,25,3,1,0.33,59.425505
All-Bran with Extra Fiber,K,C,50,4,0,140,14,8,0,330,25,3,1,0.5,93.704912
Almond Delight,R,C,110,2,2,200,1,14,8,-1,25,3,1,0.75,34.384843
Apple Cinnamon Cheerios,G,C,110,2,2,180,1.5,10.5,10,70,25,1,1,0.75,29.509541
Apple Jacks,K,C,110,2,0,125,1,11,14,30,25,2,1,1,33.174094
Basic 4,G,C,130,3,2,210,2,18,8,100,25,3,1.33,0.75,37.038562
Bran Chex,R,C,90,2,1,200,4,15,6,125,25,1,1,0.67,49.120253
Bran Flakes,P,C,90,3,0,210,5,13,5,190,25,3,1,0.67,53.313813
Cap'n'Crunch,Q,C,120,1,2,220,0,12,12,35,25,2,1,0.75,18.042851
Cheerios,G,C,110,6,2,290,2,17,1,105,25,1,1,1.25,50.764999
Cinnamon Toast Crunch,G,C,120,1,3,210,0,13,9,45,25,2,1,0.75,19.823573
Clusters,G,C,110,3,2,140,2,13,7,105,25,3,1,0.5,40.400208
Cocoa Puffs,G,C,110,1,1,180,0,12,13,55,25,2,1,1,22.736446
Corn Chex,R,C,110,2,0,280,0,22,3,25,25,1,1,1,41.445019
Corn Flakes,K,C,100,2,0,290,1,21,2,35,25,1,1,1,45.863324
Corn Pops,K,C,110,1,0,90,1,13,12,20,25,2,1,1,35.782791
Count Chocula,G,C,110,1,1,180,0,12,13,65,25,2,1,1,22.396513
Cracklin' Oat Bran,K,C,110,3,3,140,4,10,7,160,25,3,1,0.5,40.448772
Cream of Wheat (Quick),N,H,100,3,0,80,1,21,0,-1,0,2,1,1,64.533816
Crispix,K,C,110,2,0,220,1,21,3,30,25,3,1,1,46.895644
Crispy Wheat & Raisins,G,C,100,2,1,140,2,11,10,120,25,3,1,0.75,36.176196
Double Chex,R,C,100,2,0,190,1,18,5,80,25,3,1,0.75,44.330856
Froot Loops,K,C,110,2,1,125,1,11,13,30,25,2,1,1,32.207582
Frosted Flakes,K,C,110,1,0,200,1,14,11,25,25,1,1,0.75,31.435973
Frosted Mini-Wheats,K,C,100,3,0,0,3,14,7,100,25,2,1,0.8,58.345141
Fruitful Bran,K,C,120,3,0,240,5,14,12,190,25,3,1.33,0.67,41.015492
Fruity Pebbles,P,C,110,1,1,135,0,13,12,25,25,2,1,0.75,28.025765
Golden Crisp,P,C,100,2,0,45,0,11,15,40,25,1,1,0.88,35.252444
Golden Grahams,G,C,110,1,1,280,0,15,9,45,25,2,1,0.75,23.804043
Grape Nuts Flakes,P,C,100,3,1,140,3,15,5,85,25,3,1,0.88,52.076897
Grape-Nuts,P,C,110,3,0,170,3,17,3,90,25,3,1,0.25,53.371007
Great Grains Pecan,P,C,120,3,3,75,3,13,4,100,25,3,1,0.33,45.811716
Honey Graham Ohs,Q,C,120,1,2,220,1,12,11,45,25,2,1,1,21.871292
Honey Nut Cheerios,G,C,110,3,1,250,1.5,11.5,10,90,25,1,1,0.75,31.072217
Honey-comb,P,C,110,1,0,180,0,14,11,35,25,1,1,1.33,28.742414
Just Right Crunchy  Nuggets,K,C,110,2,1,170,1,17,6,60,100,3,1,1,36.523683
Just Right Fruit & Nut,K,C,140,3,1,170,2,20,9,95,100,3,1.3,0.75,36.471512
Kix,G,C,110,2,1,260,0,21,3,40,25,2,1,1.5,39.241114
Life,Q,C,100,4,2,150,2,12,6,95,25,2,1,0.67,45.328074
Lucky Charms,G,C,110,2,1,180,0,12,12,55,25,2,1,1,26.734515
Maypo,A,H,100,4,1,0,0,16,3,95,25,2,1,1,54.850917
Mueslix Crispy Blend,K,C,160,3,2,150,3,17,13,160,25,3,1.5,0.67,30.313351
Multi-Grain Cheerios,G,C,100,2,1,220,2,15,6,90,25,1,1,1,40.105965
Nut&Honey Crunch,K,C,120,2,1,190,0,15,9,40,25,2,1,0.67,29.924285
Nutri-Grain Almond-Raisin,K,C,140,3,2,220,3,21,7,130,25,3,1.33,0.67,40.692320
Nutri-grain Wheat,K,C,90,3,0,170,3,18,2,90,25,3,1,1,59.642837
Oatmeal Raisin Crisp,G,C,130,3,2,170,1.5,13.5,10,120,25,3,1.25,0.5,30.450843
Post Nat. Raisin Bran,P,C,120,3,1,200,6,11,14,260,25,3,1.33,0.67,37.840594
Product 19,K,C,100,3,0,320,1,20,3,45,100,3,1,1,41.503540
Puffed Rice,Q,C,50,1,0,0,0,13,0,15,0,3,0.5,1,60.756112
Puffed Wheat,Q,C,50,2,0,0,1,10,0,50,0,3,0.5,1,63.005645
Quaker Oat Squares,Q,C,100,4,1,135,2,14,6,110,25,3,1,0.5,49.511874
Quaker Oatmeal,Q,H,100,5,2,0,2.7,-1,-1,110,0,1,1,0.67,50.828392
Raisin Bran,K,C,120,3,1,210,5,14,12,240,25,2,1.33,0.75,39.259197
Raisin Nut Bran,G,C,100,3,2,140,2.5,10.5,8,140,25,3,1,0.5,39.703400
Raisin Squares,K,C,90,2,0,0,2,15,6,110,25,3,1,0.5,55.333142
Rice Chex,R,C,110,1,0,240,0,23,2,30,25,1,1,1.13,41.998933
Rice Krispies,K,C,110,2,0,290,0,22,3,35,25,1,1,1,40.560159
Shredded Wheat,N,C,80,2,0,0,3,16,0,95,0,1,0.83,1,68.235885
Shredded Wheat 'n'Bran,N,C,90,3,0,0,4,19,0,140,0,1,1,0.67,74.472949
Shredded Wheat spoon size,N,C,90,3,0,0,3,20,0,120,0,1,1,0.67,72.801787
Smacks,K,C,110,2,1,70,1,9,15,40,25,2,1,0.75,31.230054
Special K,K,C,110,6,0,230,1,16,3,55,25,1,1,1,53.131324
Strawberry Fruit Wheats,N,C,90,2,0,15,3,15,5,90,25,2,1,1,59.363993
Total Corn Flakes,G,C,110,2,1,200,0,21,3,35,100,3,1,1,38.839746
Total Raisin Bran,G,C,140,3,1,190,4,15,14,230,100,3,1.5,1,28.592785
Total Whole Grain,G,C,100,3,1,200,3,16,3,110,100,3,1,1,46.658844
Triples,G,C,110,2,1,250,0,21,3,60,25,3,1,0.75,39.106174
Trix,G,C,110,1,1,140,0,13,12,25,25,2,1,1,27.753301
Wheat Chex,R,C,100,3,1,230,3,17,3,115,25,1,1,0.67,49.787445
Wheaties,G,C,100,3,1,200,3,17,3,110,25,1,1,1,51.592193
Wheaties Honey Gold,G,C,110,2,1,200,1,16,8,60,25,1,1,0.75,36.187559
,5,,121,,,,,,11,,,,,,98
,4,,114,,,,,,20,,,,,,69
,5,,188,,,,,,25,,,,,,88
,8,,238,,,,,,0,,,,,,40
,9,,220,,,,,,14,,,,,,11
,1,,157,,,,,,7,,,,,,95
,9,,75,,,,,,16,,,,,,16
,10,,184,,,,,,17,,,,,,12
,10,,204,,,,,,4,,,,,,65
,6,,212,,,,,,4,,,,,,79
,4,,137,,,,,,24,,,,,,71
,10,,121,,,,,,17,,,,,,22
,2,,159,,,,,,6,,,,,,68
,3,,80,,,,,,20,,,,,,70
,2,,74,,,,,,10,,,,,,61
,7,,127,,,,,,17,,,,,,8
,8,,191,,,,,,9,,,,,,88
,1,,44,,,,,,11,,,,,,25
,9,,174,,,,,,6,,,,,,29
,8,,247,,,,,,16,,,,,,15
,9,,74,,,,,,14,,,,,,97
,8,,62,,,,,,16,,,,,,92
,10,,129,,,,,,25,,,,,,15
,1,,43,,,,,,18,,,,,,16
,3,,220,,,,,,16,,,,,,56
,7,,206,,,,,,2,,,,,,54
,7,,177,,,,,,20,,,,,,83
,3,,229,,,,,,9,,,,,,49
,8,,220,,,,,,17,,,,,,28
,8,,48,,,,,,9,,,,,,9
,5,,80,,,,,,18,,,,,,10
,9,,92,,,,,,19,,,,,,38
,5,,181,,,,,,9,,,,,,81
,4,,160,,,,,,4,,,,,,43
,6,,210,,,,,,5,,,,,,40
,9,,232,,,,,,18,,,,,,92
,4,,40,,,,,,8,,,,,,79
,8,,70,,,,,,1,,,,,,66
,4,,205,,,,,,16,,,,,,21
,8,,250,,,,,,19,,,,,,38
,4,,144,,,,,,1,,,,,,84
,4,,234,,,,,,24,,,,,,20
,5,,240,,,,,,10,,,,,,8
,4,,146,,,,,,21,,,,,,87
,5,,137,,,,,,5,,,,,,18
,5,,198,,,,,,0,,,,,,97
,4,,66,,,,,,23,,,,,,84
,3,,124,,,,,,1,,,,,,37
,4,,53,,,,,,17,,,,,,84
,2,,141,,,,,,13,,,,,,59
,2,,102,,,,,,0,,,,,,25
,5,,80,,,,,,4,,,,,,62
,6,,138,,,,,,5,,,,,,78
,1,,150,,,,,,23,,,,,,95
,8,,186,,,,,,20,,,,,,2
,9,,184,,,,,,7,,,,,,41
,4,,203,,,,,,22,,,,,,47
,8,,214,,,,,,3,,,,,,30
,1,,94,,,,,,24,,,,,,23
,8,,122,,,,,,3,,,,,,50
,2,,70,,,,,,4,,,,,,98
,8,,88,,,,,,10,,,,,,54
,7,,46,,,,,,7,,,,,,100
,7,,209,,,,,,18,,,,,,85
,9,,172,,,,,,9,,,,,,73
,2,,191,,,,,,8,,,,,,13
,4,,214,,,,,,22,,,,,,37
,3,,222,,,,,,3,,,,,,40
,2,,103,,,,,,11,,,,,,17
,9,,108,,,,,,22,,,,,,76
,4,,180,,,,,,2,,,,,,16
,7,,214,,,,,,24,,,,,,67
,7,,99,,,,,,4,,,,,,74
,10,,138,,,,,,18,,,,,,94
,10,,166,,,,,,19,,,,,,56
,9,,115,,,,,,10,,,,,,99
,7,,43,,,,,,10,,,,,,41
,10,,40,,,,,,23,,,,,,36
,7,,67,,,,,,10,,,,,,29
,4,,202,,,,,,14,,,,,,38
,5,,76,,,,,,7,,,,,,29
,7,,98,,,,,,18,,,,,,51
,1,,231,,,,,,7,,,,,,46
,2,,143,,,,,,8,,,,,,72
,8,,240,,,,,,1,,,,,,24
,6,,42,,,,,,25,,,,,,26
,3,,46,,,,,,3,,,,,,45
,4,,240,,,,,,23,,,,,,1
,3,,87,,,,,,16,,,,,,43
,4,,228,,,,,,14,,,,,,78
,2,,122,,,,,,15,,,,,,49
,3,,211,,,,,,0,,,,,,60
,5,,153,,,,,,9,,,,,,24
,4,,43,,,,,,14,,,,,,7
,6,,110,,,,,,13,,,,,,53
,9,,104,,,,,,19,,,,,,91
,10,,129,,,,,,8,,,,,,48
,8,,51,,,,,,8,,,,,,59
,8,,158,,,,,,2,,,,,,79
,9,,148,,,,,,16,,,,,,46
,5,,234,,,,,,1,,,,,,47
,7,,246,,,,,,14,,,,,,96
,2,,164,,,,,,3,,,,,,67
,3,,102,,,,,,12,,,,,,75
,3,,40,,,,,,14,,,,,,46
,4,,183,,,,,,18,,,,,,56
,3,,206,,,,,,19,,,,,,71
,8,,207,,,,,,1,,,,,,7
,3,,215,,,,,,16,,,,,,89
,4,,243,,,,,,14,,,,,,98
,6,,146,,,,,,25,,,,,,80
,4,,105,,,,,,19,,,,,,75
,6,,213,,,,,,13,,,,,,96
,7,,151,,,,,,25,,,,,,67
,10,,114,,,,,,17,,,,,,54
,3,,181,,,,,,12,,,,,,12
,4,,54,,,,,,23,,,,,,82
,3,,128,,,,,,25,,,,,,25
,2,,96,,,,,,3,,,,,,79
,7,,127,,,,,,13,,,,,,52
,10,,96,,,,,,24,,,,,,6
,7,,178,,,,,,22,,,,,,74
,5,,228,,,,,,8,,,,,,97
,5,,84,,,,,,6,,,,,,60
,9,,113,,,,,,21,,,,,,20
,8,,41,,,,,,20,,,,,,48
,2,,43,,,,,,6,,,,,,82
,8,,120,,,,,,21,,,,,,65
,7,,183,,,,,,14,,,,,,95
,6,,88,,,,,,7,,,,,,56
,3,,145,,,,,,8,,,,,,91
,2,,57,,,,,,0,,,,,,87
,10,,236,,,,,,25,,,,,,45
,6,,137,,,,,,13,,,,,,51
,3,,153,,,,,,2,,,,,,86
,5,,232,,,,,,24,,,,,,74
,2,,86,,,,,,6,,,,,,32
,5,,210,,,,,,19,,,,,,9
,2,,86,,,,,,15,,,,,,37
,1,,163,,,,,,13,,,,,,31
,2,,167,,,,,,0,,,,,,83
,5,,172,,,,,,16,,,,,,19
,3,,194,,,,,,2,,,,,,7
,4,,223,,,,,,6,,,,,,38
,1,,171,,,,,,11,,,,,,66
,6,,155,,,,,,25,,,,,,42
,7,,86,,,,,,2,,,,,,37
,8,,227,,,,,,8,,,,,,34
,10,,178,,,,,,4,,,,,,93
,8,,193,,,,,,14,,,,,,19
,2,,93,,,,,,6,,,,,,4
,2,,93,,,,,,1,,,,,,70
,1,,74,,,,,,8,,,,,,24
,9,,192,,,,,,7,,,,,,7
,1,,126,,,,,,25,,,,,,41
,3,,144,,,,,,18,,,,,,9
,3,,69,,,,,,9,,,,,,100
,5,,96,,,,,,17,,,,,,95
,4,,105,,,,,,15,,,,,,38
,5,,160,,,,,,1,,,,,,81
,7,,95,,,,,,19,,,,,,94
,4,,158,,,,,,1,,,,,,55
,4,,237,,,,,,16,,,,,,70
,6,,143,,,,,,24,,,,,,46
,6,,153,,,,,,13,,,,,,94
,6,,68,,,,,,4,,,,,,60
,9,,156,,,,,,13,,,,,,71
,9,,165,,,,,,17,,,,,,98
,7,,206,,,,,,17,,,,,,45
,4,,160,,,,,,12,,,,,,86
,9,,135,,,,,,2,,,,,,99
,4,,56,,,,,,21,,,,,,86
,3,,102,,,,,,13,,,,,,57
,6,,150,,,,,,2,,,,,,57
,7,,183,,,,,,6,,,,,,98
,7,,146,,,,,,21,,,,,,54
,8,,167,,,,,,19,,,,,,50
,3,,203,,,,,,25,,,,,,50
,8,,170,,,,,,21,,,,,,16
,4,,235,,,,,,18,,,,,,92
,8,,84,,,,,,4,,,,,,18
,1,,217,,,,,,2,,,,,,0
,9,,171,,,,,,6,,,,,,18
,1,,193,,,,,,21,,,,,,13
,5,,128,,,,,,18,,,,,,36
,3,,191,,,,,,5,,,,,,35
,7,,121,,,,,,15,,,,,,0
,6,,197,,,,,,17,,,,,,21
,2,,121,,,,,,15,,,,,,12
,2,,96,,,,,,3,,,,,,74
,2,,187,,,,,,0,,,,,,42
,10,,237,,,,,,7,,,,,,12
,10,,91,,,,,,16,,,,,,91
,8,,232,,,,,,19,,,,,,92
,2,,247,,,,,,24,,,,,,40
,8,,119,,,,,,21,,,,,,16
,2,,164,,,,,,2,,,,,,85
,7,,180,,,,,,12,,,,,,42
,7,,167,,,,,,24,,,,,,48
,2,,152,,,,,,15,,,,,,0
,10,,148,,,,,,17,,,,,,58
,4,,242,,,,,,4,,,,,,2
,2,,245,,,,,,7,,,,,,19
,5,,98,,,,,,18,,,,,,31
,7,,241,,,,,,23,,,,,,1
,3,,127,,,,,,0,,,,,,55
,7,,68,,,,,,4,,,,,,2
,1,,84,,,,,,2,,,,,,34
,10,,163,,,,,,20,,,,,,65
,3,,163,,,,,,4,,,,,,13
,2,,196,,,,,,8,,,,,,100
,10,,41,,,,,,18,,,,,,78
,5,,131,,,,,,13,,,,,,27
,6,,49,,,,,,15,,,,,,5
,2,,124,,,,,,17,,,,,,30
,3,,249,,,,,,25,,,,,,69
,1,,239,,,,,,15,,,,,,64
,6,,104,,,,,,14,,,,,,60
,7,,73,,,,,,12,,,,,,69
,3,,182,,,,,,14,,,,,,14
,8,,234,,,,,,10,,,,,,32
,6,,186,,,,,,17,,,,,,64
,1,,247,,,,,,16,,,,,,88
,1,,217,,,,,,8,,,,,,5
,9,,205,,,,,,17,,,,,,72
,7,,150,,,,,,5,,,,,,47
,7,,209,,,,,,20,,,,,,52
,9,,113,,,,,,7,,,,,,76
,4,,223,,,,,,25,,,,,,43
,2,,241,,,,,,21,,,,,,67
,8,,74,,,,,,1,,,,,,96
,6,,166,,,,,,13,,,,,,48
,3,,133,,,,,,6,,,,,,89
,3,,141,,,,,,0,,,,,,77
,4,,61,,,,,,16,,,,,,13
,3,,208,,,,,,6,,,,,,92
,2,,159,,,,,,3,,,,,,58
,8,,122,,,,,,13,,,,,,43
,5,,130,,,,,,12,,,,,,50
,4,,65,,,,,,15,,,,,,23
,5,,141,,,,,,15,,,,,,2
,1,,188,,,,,,1,,,,,,56
,9,,128,,,,,,0,,,,,,54
,6,,60,,,,,,17,,,,,,42
,10,,172,,,,,,5,,,,,,49
,5,,247,,,,,,18,,,,,,95
,4,,217,,,,,,20,,,,,,43
,2,,84,,,,,,2,,,,,,32
,1,,179,,,,,,5,,,,,,31
,9,,168,,,,,,10,,,,,,90
,3,,89,,,,,,10,,,,,,83
,8,,145,,,,,,16,,,,,,93
,4,,192,,,,,,7,,,,,,29
,8,,131,,,,,,18,,,,,,55
,1,,92,,,,,,10,,,,,,100
,8,,92,,,,,,16,,,,,,17
,8,,81,,,,,,7,,,,,,70
,10,,244,,,,,,7,,,,,,92
,10,,66,,,,,,16,,,,,,36
,10,,150,,,,,,3,,,,,,83
,1,,45,,,,,,21,,,,,,25
,9,,181,,,,,,19,,,,,,89
,6,,68,,,,,,1,,,,,,78
,2,,164,,,,,,9,,,,,,27
,9,,115,,,,,,10,,,,,,13
,8,,76,,,,,,15,,,,,,36
,10,,146,,,,,,13,,,,,,72
,4,,158,,,,,,23,,,,,,21
,8,,93,,,,,,8,,,,,,80
,4,,129,,,,,,2,,,,,,99
,10,,217,,,,,,21,,,,,,80
,8,,87,,,,,,22,,,,,,31
,2,,226,,,,,,8,,,,,,63
,10,,179,,,,,,16,,,,,,68
,6,,140,,,,,,24,,,,,,82
,2,,163,,,,,,16,,,,,,50
,3,,166,,,,,,11,,,,,,72
,4,,172,,,,,,22,,,,,,3
,9,,52,,,,,,13,,,,,,27
,1,,73,,,,,,18,,,,,,57
,1,,129,,,,,,12,,,,,,20
,2,,146,,,,,,19,,,,,,83
,3,,121,,,,,,24,,,,,,98
,1,,123,,,,,,18,,,,,,39
,3,,52,,,,,,6,,,,,,99
,8,,43,,,,,,10,,,,,,75
,7,,236,,,,,,21,,,,,,64
,6,,212,,,,,,4,,,,,,6
,8,,186,,,,,,6,,,,,,68
,2,,119,,,,,,19,,,,,,38
,10,,98,,,,,,21,,,,,,23
,3,,64,,,,,,5,,,,,,3
,8,,94,,,,,,5,,,,,,98
,6,,92,,,,,,11,,,,,,28
,4,,155,,,,,,12,,,,,,7
,7,,247,,,,,,19,,,,,,40
,5,,163,,,,,,0,,,,,,95
,5,,75,,,,,,3,,,,,,40
,8,,128,,,,,,13,,,,,,5
,7,,148,,,,,,14,,,,,,66
,9,,40,,,,,,22,,,,,,76
,9,,103,,,,,,20,,,,,,22
,1,,95,,,,,,20,,,,,,71
,10,,50,,,,,,16,,,,,,17
,1,,73,,,,,,7,,,,,,13
,1,,247,,,,,,9,,,,,,29
,3,,137,,,,,,14,,,,,,12
,2,,180,,,,,,6,,,,,,100
,4,,43,,,,,,3,,,,,,48
,6,,67,,,,,,0,,,,,,50
,2,,83,,,,,,17,,,,,,48
,5,,140,,,,,,23,,,,,,48
,4,,170,,,,,,1,,,,,,21
,3,,178,,,,,,5,,,,,,99
,6,,200,,,,,,12,,,,,,86
,8,,124,,,,,,16,,,,,,29
,8,,115,,,,,,20,,,,,,41
,5,,142,,,,,,1,,,,,,92
,6,,222,,,,,,8,,,,,,79
,3,,89,,,,,,4,,,,,,68
,5,,136,,,,,,25,,,,,,99
,1,,192,,,,,,21,,,,,,57
,2,,130,,,,,,6,,,,,,70
,10,,186,,,,,,8,,,,,,83
,8,,137,,,,,,3,,,,,,85
,1,,230,,,,,,18,,,,,,9
,2,,73,,,,,,9,,,,,,4
,7,,152,,,,,,11,,,,,,87
,10,,245,,,,,,1,,,,,,38
,1,,189,,,,,,9,,,,,,64
,10,,197,,,,,,19,,,,,,33
,5,,236,,,,,,25,,,,,,1
,4,,247,,,,,,21,,,,,,84
,3,,137,,,,,,23,,,,,,53
,3,,120,,,,,,1,,,,,,96
,2,,207,,,,,,6,,,,,,30
,1,,214,,,,,,16,,,,,,81
,7,,104,,,,,,5,,,,,,47
,8,,192,,,,,,4,,,,,,36
,9,,134,,,,,,13,,,,,,4
,3,,105,,,,,,4,,,,,,65
,10,,84,,,,,,3,,,,,,78
,5,,197,,,,,,24,,,,,,50
,7,,178,,,,,,8,,,,,,77
,4,,71,,,,,,3,,,,,,86
,2,,230,,,,,,3,,,,,,4
,10,,99,,,,,,1,,,,,,52
,3,,88,,,,,,5,,,,,,50
,9,,213,,,,,,4,,,,,,89
,7,,178,,,,,,15,,,,,,13
,3,,247,,,,,,10,,,,,,61
,3,,55,,,,,,3,,,,,,78
,8,,76,,,,,,2,,,,,,0
,1,,41,,,,,,25,,,,,,65
,8,,102,,,,,,11,,,,,,91
,2,,241,,,,,,2,,,,,,74
,9,,94,,,,,,23,,,,,,5
,7,,42,,,,,,18,,,,,,73
,9,,114,,,,,,12,,,,,,76
,9,,51,,,,,,6,,,,,,63
,6,,101,,,,,,20,,,,,,65
,8,,222,,,,,,19,,,,,,100
,10,,95,,,,,,20,,,,,,3
,5,,188,,,,,,24,,,,,,87
,2,,177,,,,,,7,,,,,,5
,5,,155,,,,,,22,,,,,,83
,5,,187,,,,,,23,,,,,,92
,9,,69,,,,,,18,,,,,,29
,4,,85,,,,,,2,,,,,,46
,10,,223,,,,,,23,,,,,,58
,4,,230,,,,,,0,,,,,,28
,4,,119,,,,,,9,,,,,,96
,5,,199,,,,,,18,,,,,,9
,2,,226,,,,,,14,,,,,,43
,9,,186,,,,,,5,,,,,,65
,3,,105,,,,,,1,,,,,,78
,3,,130,,,,,,10,,,,,,12
,4,,237,,,,,,1,,,,,,65
,6,,198,,,,,,17,,,,,,18
,2,,218,,,,,,18,,,,,,100
,8,,169,,,,,,22,,,,,,55
,10,,162,,,,,,14,,,,,,85
,3,,130,,,,,,5,,,,,,20
,6,,131,,,,,,9,,,,,,93
,7,,138,,,,,,9,,,,,,95
,10,,92,,,,,,25,,,,,,92
,7,,216,,,,,,11,,,,,,30
,6,,142,,,,,,3,,,,,,32
,3,,82,,,,,,8,,,,,,57
,8,,55,,,,,,24,,,,,,14
,8,,45,,,,,,0,,,,,,15
,4,,234,,,,,,13,,,,,,97
,5,,118,,,,,,18,,,,,,20
,7,,235,,,,,,17,,,,,,72
,2,,103,,,,,,6,,,,,,31
,8,,80,,,,,,5,,,,,,44
,9,,86,,,,,,18,,,,,,59
,3,,86,,,,,,24,,,,,,69
,2,,139,,,,,,24,,,,,,57
,4,,89,,,,,,3,,,,,,99
,9,,124,,,,,,2,,,,,,76
,9,,193,,,,,,13,,,,,,38
,9,,131,,,,,,11,,,,,,92
,6,,163,,,,,,25,,,,,,10
,5,,133,,,,,,12,,,,,,73
,9,,227,,,,,,0,,,,,,84
,1,,206,,,,,,10,,,,,,96
,8,,75,,,,,,21,,,,,,79
,6,,112,,,,,,7,,,,,,68
,4,,112,,,,,,3,,,,,,85
,1,,210,,,,,,21,,,,,,58
,10,,147,,,,,,10,,,,,,14
,8,,100,,,,,,19,,,,,,63
,4,,76,,,,,,25,,,,,,16
,2,,118,,,,,,24,,,,,,22
,4,,155,,,,,,18,,,,,,86
,1,,58,,,,,,24,,,,,,34
,7,,160,,,,,,5,,,,,,19
,2,,56,,,,,,17,,,,,,66
,1,,213,,,,,,23,,,,,,94
,10,,134,,,,,,17,,,,,,46
,1,,135,,,,,,17,,,,,,27
,7,,159,,,,,,12,,,,,,64
,1,,54,,,,,,0,,,,,,45
,3,,246,,,,,,7,,,,,,10
,5,,138,,,,,,15,,,,,,73
,1,,217,,,,,,20,,,,,,51
,4,,203,,,,,,15,,,,,,12
,1,,200,,,,,,15,,,,,,27
,3,,125,,,,,,13,,,,,,91
,5,,213,,,,,,23,,,,,,44
,9,,175,,,,,,21,,,,,,22
,9,,162,,,,,,19,,,,,,59
,2,,93,,,,,,5,,,,,,77
,9,,200,,,,,,13,,,,,,38
,2,,240,,,,,,10,,,,,,88
,8,,139,,,,,,20,,,,,,62
,3,,250,,,,,,24,,,,,,0
,3,,90,,,,,,25,,,,,,2
,8,,174,,,,,,5,,,,,,42
,9,,51,,,,,,5,,,,,,15
,10,,54,,,,,,3,,,,,,20
,5,,67,,,,,,10,,,,,,82
,4,,71,,,,,,23,,,,,,50
,2,,240,,,,,,4,,,,,,53
,9,,73,,,,,,10,,,,,,51
,10,,201,,,,,,19,,,,,,95
,6,,108,,,,,,13,,,,,,6
,2,,235,,,,,,23,,,,,,9
,6,,56,,,,,,18,,,,,,68
,1,,48,,,,,,13,,,,,,64
,4,,165,,,,,,19,,,,,,40
,7,,219,,,,,,15,,,,,,69
,8,,46,,,,,,13,,,,,,80
,2,,106,,,,,,9,,,,,,10
,10,,127,,,,,,7,,,,,,69
,4,,192,,,,,,15,,,,,,6
,6,,95,,,,,,13,,,,,,100
,10,,57,,,,,,21,,,,,,28
,1,,200,,,,,,7,,,,,,51
,7,,141,,,,,,21,,,,,,58
,7,,149,,,,,,17,,,,,,90
,7,,167,,,,,,0,,,,,,28
,5,,56,,,,,,20,,,,,,47
,6,,186,,,,,,13,,,,,,11
,6,,54,,,,,,7,,,,,,99
,9,,115,,,,,,13,,,,,,32
,7,,230,,,,,,12,,,,,,11
,5,,161,,,,,,24,,,,,,53
,10,,165,,,,,,13,,,,,,24
,9,,240,,,,,,2,,,,,,18
,6,,233,,,,,,18,,,,,,31
,3,,236,,,,,,5,,,,,,87
,5,,75,,,,,,15,,,,,,78
,6,,136,,,,,,13,,,,,,66
,6,,150,,,,,,24,,,,,,59
,1,,223,,,,,,13,,,,,,51
,1,,208,,,,,,2,,,,,,71
,6,,113,,,,,,1,,,,,,58
,10,,200,,,,,,15,,,,,,23
,5,,230,,,,,,10,,,,,,44
,5,,166,,,,,,6,,,,,,89
,4,,44,,,,,,8,,,,,,24
,5,,228,,,,,,25,,,,,,77
,5,,137,,,,,,19,,,,,,16
,4,,148,,,,,,24,,,,,,42
,9,,81,,,,,,25,,,,,,33
,9,,159,,,,,,0,,,,,,8
,1,,117,,,,,,25,,,,,,0
,8,,76,,,,,,7,,,,,,99
,2,,95,,,,,,1,,,,,,70
,7,,233,,,,,,22,,,,,,55
,7,,71,,,,,,10,,,,,,99
,2,,198,,,,,,19,,,,,,2
,8,,246,,,,,,22,,,,,,79
,2,,173,,,,,,2,,,,,,56
,4,,130,,,,,,7,,,,,,91
,10,,194,,,,,,17,,,,,,25
,5,,151,,,,,,5,,,,,,86
,6,,237,,,,,,20,,,,,,66
,6,,220,,,,,,24,,,,,,73
,8,,237,,,,,,13,,,,,,23
,1,,40,,,,,,13,,,,,,17
,7,,90,,,,,,23,,,,,,72
,2,,134,,,,,,9,,,,,,15
,4,,46,,,,,,23,,,,,,60
,9,,41,,,,,,17,,,,,,0
,3,,101,,,,,,16,,,,,,74
,1,,47,,,,,,24,,,,,,31
,6,,86,,,,,,14,,,,,,37
,1,,182,,,,,,22,,,,,,29
,10,,124,,,,,,15,,,,,,71
,5,,226,,,,,,0,,,,,,55
,5,,232,,,,,,4,,,,,,44
,2,,115,,,,,,5,,,,,,93
,9,,145,,,,,,11,,,,,,68
,10,,73,,,,,,1,,,,,,57
,3,,53,,,,,,13,,,,,,65
,4,,193,,,,,,20,,,,,,28
,7,,221,,,,,,24,,,,,,95
,4,,98,,,,,,11,,,,,,55
,3,,111,,,,,,4,,,,,,59
,5,,118,,,,,,0,,,,,,22
,3,,170,,,,,,9,,,,,,45
,2,,45,,,,,,4,,,,,,50
,3,,127,,,,,,0,,,,,,88
,1,,173,,,,,,19,,,,,,8
,9,,233,,,,,,6,,,,,,31
,5,,56,,,,,,21,,,,,,84
,7,,149,,,,,,9,,,,,,47
,9,,219,,,,,,20,,,,,,35
,1,,85,,,,,,10,,,,,,93
,6,,79,,,,,,16,,,,,,81
,7,,156,,,,,,14,,,,,,54
,10,,184,,,,,,15,,,,,,56
,3,,77,,,,,,25,,,,,,59
,4,,104,,,,,,1,,,,,,21
,8,,96,,,,,,25,,,,,,49
,8,,232,,,,,,10,,,,,,76
,4,,93,,,,,,10,,,,,,49
,1,,81,,,,,,20,,,,,,1
,4,,45,,,,,,17,,,,,,28
,3,,91,,,,,,17,,,,,,97
,9,,72,,,,,,4,,,,,,77
,9,,109,,,,,,12,,,,,,5
,4,,201,,,,,,3,,,,,,23
,8,,97,,,,,,11,,,,,,92
,8,,150,,,,,,13,,,,,,0
,5,,75,,,,,,7,,,,,,23
,1,,78,,,,,,4,,,,,,78
,4,,228,,,,,,22,,,,,,16
,6,,102,,,,,,17,,,,,,38
,7,,110,,,,,,25,,,,,,63
,5,,237,,,,,,8,,,,,,94
,6,,159,,,,,,17,,,,,,57
,2,,207,,,,,,11,,,,,,20
,3,,138,,,,,,9,,,,,,79
,1,,167,,,,,,21,,,,,,59
,7,,85,,,,,,5,,,,,,19
,10,,148,,,,,,9,,,,,,25
,2,,200,,,,,,3,,,,,,44
,8,,126,,,,,,22,,,,,,89
,10,,157,,,,,,25,,,,,,7
,10,,225,,,,,,24,,,,,,24
,6,,195,,,,,,11,,,,,,69
,10,,130,,,,,,15,,,,,,85
,9,,206,,,,,,4,,,,,,6
,2,,41,,,,,,0,,,,,,73
,10,,242,,,,,,22,,,,,,79
,5,,182,,,,,,13,,,,,,14
,9,,241,,,,,,21,,,,,,42
,3,,59,,,,,,14,,,,,,100
,1,,167,,,,,,0,,,,,,51
,4,,157,,,,,,0,,,,,,49
,6,,45,,,,,,24,,,,,,38
,2,,209,,,,,,18,,,,,,35
,7,,160,,,,,,1,,,,,,48
,5,,123,,,,,,20,,,,,,75
,2,,184,,,,,,9,,,,,,96
,2,,88,,,,,,3,,,,,,68
,3,,152,,,,,,3,,,,,,70
,7,,72,,,,,,15,,,,,,22
,7,,162,,,,,,19,,,,,,88
,6,,190,,,,,,15,,,,,,79
,1,,90,,,,,,10,,,,,,31
,1,,89,,,,,,17,,,,,,96
,7,,87,,,,,,20,,,,,,58
,2,,127,,,,,,25,,,,,,59
,9,,46,,,,,,24,,,,,,71
,3,,199,,,,,,25,,,,,,37
,4,,164,,,,,,17,,,,,,25
,7,,174,,,,,,24,,,,,,21
,4,,42,,,,,,20,,,,,,65
,8,,242,,,,,,15,,,,,,54
,7,,106,,,,,,3,,,,,,5
,7,,107,,,,,,12,,,,,,48
,4,,90,,,,,,9,,,,,,1
,4,,75,,,,,,23,,,,,,31
,6,,99,,,,,,6,,,,,,17
,9,,136,,,,,,23,,,,,,93
,5,,236,,,,,,22,,,,,,75
,3,,182,,,,,,13,,,,,,94
,4,,215,,,,,,25,,,,,,69
,1,,245,,,,,,7,,,,,,35
,6,,107,,,,,,9,,,,,,49
,8,,249,,,,,,11,,,,,,28
,1,,97,,,,,,15,,,,,,71
,1,,56,,,,,,5,,,,,,41
,1,,175,,,,,,16,,,,,,81
,4,,122,,,,,,13,,,,,,76
,5,,54,,,,,,23,,,,,,47
,3,,98,,,,,,13,,,,,,36
,3,,113,,,,,,2,,,,,,0
,7,,94,,,,,,4,,,,,,69
,6,,224,,,,,,7,,,,,,63
,9,,157,,,,,,21,,,,,,88
,3,,234,,,,,,11,,,,,,33
,7,,165,,,,,,21,,,,,,7
,4,,92,,,,,,5,,,,,,11
,5,,87,,,,,,4,,,,,,77
,9,,212,,,,,,16,,,,,,100
,3,,205,,,,,,15,,,,,,38
,8,,193,,,,,,4,,,,,,33
,10,,82,,,,,,8,,,,,,4
,8,,125,,,,,,12,,,,,,54
,1,,148,,,,,,11,,,,,,14
,5,,158,,,,,,25,,,,,,91
,7,,207,,,,,,15,,,,,,89
,9,,167,,,,,,14,,,,,,97
,10,,186,,,,,,15,,,,,,24
,8,,177,,,,,,17,,,,,,72
,3,,45,,,,,,5,,,,,,54
,8,,183,,,,,,4,,,,,,71
,5,,48,,,,,,9,,,,,,56
,1,,150,,,,,,19,,,,,,40
,8,,95,,,,,,12,,,,,,64
,5,,216,,,,,,12,,,,,,75
,8,,47,,,,,,20,,,,,,20
,4,,187,,,,,,24,,,,,,15
,3,,142,,,,,,14,,,,,,76
,10,,183,,,,,,19,,,,,,88
,1,,219,,,,,,0,,,,,,86
,8,,48,,,,,,21,,,,,,51
,2,,44,,,,,,3,,,,,,96
,3,,62,,,,,,19,,,,,,5
,10,,41,,,,,,20,,,,,,49
,5,,55,,,,,,6,,,,,,82
,4,,165,,,,,,18,,,,,,15
,6,,146,,,,,,21,,,,,,16
,8,,221,,,,,,14,,,,,,89
,5,,97,,,,,,2,,,,,,6
,9,,119,,,,,,21,,,,,,69
,5,,224,,,,,,15,,,,,,53
,4,,231,,,,,,13,,,,,,70
,1,,114,,,,,,13,,,,,,66
,4,,136,,,,,,1,,,,,,82
,10,,135,,,,,,20,,,,,,54
,3,,61,,,,,,12,,,,,,81
,3,,148,,,,,,2,,,,,,93
,6,,115,,,,,,20,,,,,,19
,1,,108,,,,,,3,,,,,,77
,1,,47,,,,,,4,,,,,,44
,10,,246,,,,,,17,,,,,,62
,3,,84,,,,,,24,,,,,,79
,7,,112,,,,,,16,,,,,,14
,5,,89,,,,,,23,,,,,,10
,9,,55,,,,,,23,,,,,,76
,4,,129,,,,,,7,,,,,,44
,4,,151,,,,,,10,,,,,,88
,2,,184,,,,,,15,,,,,,67
,1,,208,,,,,,3,,,,,,26
,9,,220,,,,,,12,,,,,,8
,8,,75,,,,,,18,,,,,,54
,6,,110,,,,,,20,,,,,,15
,10,,75,,,,,,20,,,,,,47
,2,,58,,,,,,12,,,,,,62
,7,,216,,,,,,22,,,,,,66
,9,,216,,,,,,23,,,,,,11
,10,,93,,,,,,7,,,,,,46
,7,,195,,,,,,20,,,,,,51
,6,,215,,,,,,2,,,,,,10
,9,,170,,,,,,7,,,,,,90
,10,,97,,,,,,17,,,,,,8
,2,,67,,,,,,2,,,,,,38
,4,,70,,,,,,22,,,,,,46
,4,,77,,,,,,14,,,,,,86
,1,,162,,,,,,0,,,,,,98
,1,,153,,,,,,9,,,,,,28
,8,,55,,,,,,14,,,,,,73
,7,,81,,,,,,1,,,,,,71
,4,,106,,,,,,18,,,,,,78
,6,,188,,,,,,16,,,,,,85
,10,,188,,,,,,10,,,,,,60
,6,,144,,,,,,4,,,,,,93
,8,,81,,,,,,3,,,,,,58
,7,,148,,,,,,4,,,,,,32
,4,,90,,,,,,11,,,,,,3
,2,,250,,,,,,2,,,,,,82
,10,,163,,,,,,21,,,,,,95
,5,,78,,,,,,9,,,,,,83
,6,,221,,,,,,24,,,,,,91
,8,,56,,,,,,7,,,,,,99
,1,,226,,,,,,25,,,,,,88
,10,,161,,,,,,21,,,,,,84
,3,,72,,,,,,12,,,,,,21
,3,,77,,,,,,5,,,,,,21
,7,,118,,,,,,18,,,,,,28
,6,,216,,,,,,18,,,,,,73
,1,,172,,,,,,19,,,,,,43
,1,,130,,,,,,22,,,,,,93
,2,,92,,,,,,14,,,,,,86
,10,,241,,,,,,22,,,,,,83
,3,,44,,,,,,17,,,,,,32
,1,,238,,,,,,0,,,,,,64
,3,,178,,,,,,13,,,,,,68
,10,,142,,,,,,21,,,,,,97
,6,,185,,,,,,4,,,,,,42
,9,,75,,,,,,9,,,,,,21
,10,,76,,,,,,2,,,,,,54
,7,,177,,,,,,4,,,,,,21
,3,,142,,,,,,17,,,,,,47
,9,,94,,,,,,1,,,,,,40
,7,,248,,,,,,16,,,,,,59
,9,,87,,,,,,24,,,,,,8
,7,,241,,,,,,1,,,,,,16
,4,,229,,,,,,22,,,,,,39
,10,,117,,,,,,16,,,,,,69
,5,,206,,,,,,2,,,,,,29
,7,,93,,,,,,13,,,,,,74
,7,,165,,,,,,7,,,,,,90
,9,,82,,,,,,16,,,,,,42
,1,,113,,,,,,10,,,,,,88
,1,,219,,,,,,0,,,,,,44
,2,,161,,,,,,4,,,,,,33
,7,,92,,,,,,15,,,,,,41
,10,,68,,,,,,15,,,,,,62
,3,,161,,,,,,12,,,,,,4
,9,,112,,,,,,7,,,,,,17
,7,,145,,,,,,24,,,,,,71
,10,,194,,,,,,15,,,,,,21
,10,,86,,,,,,1,,,,,,80
,8,,156,,,,,,25,,,,,,54
,1,,91,,,,,,9,,,,,,35
,1,,145,,,,,,24,,,,,,30
,5,,171,,,,,,11,,,,,,97
,7,,54,,,,,,7,,,,,,20
,8,,80,,,,,,20,,,,,,36
,6,,183,,,,,,10,,,,,,4
,10,,177,,,,,,17,,,,,,38
,6,,171,,,,,,7,,,,,,79
,8,,178,,,,,,13,,,,,,23
,5,,80,,,,,,7,,,,,,67
,10,,229,,,,,,20,,,,,,95
,9,,88,,,,,,18,,,,,,50
,1,,71,,,,,,21,,,,,,50
,8,,186,,,,,,1,,,,,,6
,9,,204,,,,,,11,,,,,,88
,1,,109,,,,,,10,,,,,,91
,7,,105,,,,,,13,,,,,,67
,4,,67,,,,,,0,,,,,,41
,2,,90,,,,,,8,,,,,,90
,4,,63,,,,,,8,,,,,,22
,7,,76,,,,,,22,,,,,,19
,10,,227,,,,,,0,,,,,,2
,6,,242,,,,,,21,,,,,,72
,6,,170,,,,,,12,,,,,,80
,9,,120,,,,,,20,,,,,,45
,7,,221,,,,,,8,,,,,,2
,5,,193,,,,,,21,,,,,,20
,10,,240,,,,,,11,,,,,,65
,6,,189,,,,,,17,,,,,,83
,1,,160,,,,,,11,,,,,,1
,6,,217,,,,,,11,,,,,,1
,6,,133,,,,,,10,,,,,,47
,8,,170,,,,,,12,,,,,,92
,8,,60,,,,,,2,,,,,,38
,6,,249,,,,,,15,,,,,,29
,4,,45,,,,,,4,,,,,,66
,1,,148,,,,,,1,,,,,,5
,9,,45,,,,,,0,,,,,,29
,3,,186,,,,,,9,,,,,,67
,3,,80,,,,,,11,,,,,,51
,5,,130,,,,,,9,,,,,,80
,3,,70,,,,,,0,,,,,,83
,8,,98,,,,,,21,,,,,,79
,4,,226,,,,,,9,,,,,,96
,5,,135,,,,,,2,,,,,,82
,6,,163,,,,,,10,,,,,,69
,8,,221,,,,,,10,,,,,,94
,9,,144,,,,,,16,,,,,,90
,1,,101,,,,,,23,,,,,,93
,9,,83,,,,,,8,,,,,,94
,7,,246,,,,,,18,,,,,,50
,8,,226,,,,,,4,,,,,,50
,7,,69,,,,,,10,,,,,,57
,7,,213,,,,,,21,,,,,,84
,10,,169,,,,,,1,,,,,,3
,1,,192,,,,,,20,,,,,,77
,6,,52,,,,,,16,,,,,,2
,3,,137,,,,,,10,,,,,,70
,4,,209,,,,,,0,,,,,,6
,10,,187,,,,,,13,,,,,,50
,9,,128,,,,,,24,,,,,,64
,6,,158,,,,,,19,,,,,,54
,5,,103,,,,,,1,,,,,,87
,5,,115,,,,,,4,,,,,,34
,3,,222,,,,,,1,,,,,,47
,3,,119,,,,,,8,,,,,,47
,9,,58,,,,,,7,,,,,,61
,4,,52,,,,,,13,,,,,,70
,9,,65,,,,,,3,,,,,,77
,2,,65,,,,,,9,,,,,,4
,7,,77,,,,,,14,,,,,,47
,9,,216,,,,,,10,,,,,,6
,6,,182,,,,,,9,,,,,,48
,5,,84,,,,,,20,,,,,,77
,9,,242,,,,,,10,,,,,,82
,4,,181,,,,,,20,,,,,,68
,8,,62,,,,,,21,,,,,,23
,3,,83,,,,,,7,,,,,,57
,10,,40,,,,,,4,,,,,,58
,10,,100,,,,,,0,,,,,,77
,8,,166,,,,,,15,,,,,,32
,5,,230,,,,,,13,,,,,,53
,10,,136,,,,,,11,,,,,,100
,5,,103,,,,,,22,,,,,,96
,8,,136,,,,,,24,,,,,,32
,7,,89,,,,,,2,,,,,,8
,4,,54,,,,,,23,,,,,,96
,6,,116,,,,,,12,,,,,,2
,5,,250,,,,,,9,,,,,,46
,6,,150,,,,,,10,,,,,,4
,2,,226,,,,,,14,,,,,,11
,1,,200,,,,,,24,,,,,,30
,6,,193,,,,,,24,,,,,,65
,4,,130,,,,,,17,,,,,,53
,3,,161,,,,,,14,,,,,,22
,4,,206,,,,,,6,,,,,,12
,8,,225,,,,,,16,,,,,,96
,6,,165,,,,,,1,,,,,,31
,1,,192,,,,,,24,,,,,,2
,2,,229,,,,,,10,,,,,,13
,2,,103,,,,,,16,,,,,,79
,10,,90,,,,,,8,,,,,,66
,6,,49,,,,,,15,,,,,,75
,7,,153,,,,,,23,,,,,,99
,6,,158,,,,,,15,,,,,,83
,4,,150,,,,,,13,,,,,,10
,7,,221,,,,,,7,,,,,,31
,7,,145,,,,,,22,,,,,,96
,1,,199,,,,,,12,,,,,,30
,5,,155,,,,,,22,,,,,,77
,10,,205,,,,,,21,,,,,,26
,6,,215,,,,,,20,,,,,,100
,6,,149,,,,,,24,,,,,,1
,8,,183,,,,,,16,,,,,,45
,5,,213,,,,,,25,,,,,,43
,4,,152,,,,,,9,,,,,,17
,9,,62,,,,,,14,,,,,,19
,1,,161,,,,,,15,,,,,,91
,1,,198,,,,,,25,,,,,,27
,3,,113,,,,,,12,,,,,,17
,1,,109,,,,,,9,,,,,,56
,9,,163,,,,,,6,,,,,,11
,6,,233,,,,,,4,,,,,,87
,8,,230,,,,,,5,,,,,,92
,8,,209,,,,,,11,,,,,,78
,7,,155,,,,,,24,,,,,,65
,8,,80,,,,,,8,,,,,,86
,1,,99,,,,,,0,,,,,,63
,1,,156,,,,,,10,,,,,,73
,5,,208,,,,,,23,,,,,,75
,10,,104,,,,,,9,,,,,,37
,4,,145,,,,,,20,,,,,,31
,3,,132,,,,,,3,,,,,,45
,6,,149,,,,,,19,,,,,,43
,8,,44,,,,,,0,,,,,,2
,4,,42,,,,,,6,,,,,,10
,7,,71,,,,,,10,,,,,,6
,10,,54,,,,,,19,,,,,,66
,3,,80,,,,,,21,,,,,,56
,10,,62,,,,,,8,,,,,,32
,6,,184,,,,,,25,,,,,,59
,6,,91,,,,,,1,,,,,,22
,4,,118,,,,,,12,,,,,,12
,6,,70,,,,,,23,,,,,,17
,8,,234,,,,,,6,,,,,,74
,10,,105,,,,,,17,,,,,,83
,4,,114,,,,,,6,,,,,,51
,8,,70,,,,,,13,,,,,,99
,1,,178,,,,,,8,,,,,,26
,5,,220,,,,,,17,,,,,,99
,1,,51,,,,,,20,,,,,,76
,6,,219,,,,,,7,,,,,,89
,1,,58,,,,,,0,,,,,,15
,10,,49,,,,,,6,,,,,,12
,10,,70,,,,,,6,,,,,,20
,3,,239,,,,,,5,,,,,,17
,6,,188,,,,,,13,,,,,,74
,4,,122,,,,,,24,,,,,,57
,9,,63,,,,,,12,,,,,,98
,4,,217,,,,,,4,,,,,,38
,7,,221,,,,,,15,,,,,,77
,4,,141,,,,,,12,,,,,,26
,7,,155,,,,,,8,,,,,,3
,4,,181,,,,,,17,,,,,,12
,9,,143,,,,,,23,,,,,,63
,8,,76,,,,,,13,,,,,,46
,2,,145,,,,,,20,,,,,,50
,3,,141,,,,,,16,,,,,,52
,3,,244,,,,,,22,,,,,,38
,4,,58,,,,,,25,,,,,,30
,8,,68,,,,,,0,,,,,,68
,4,,117,,,,,,14,,,,,,24
,10,,155,,,,,,14,,,,,,45
,7,,62,,,,,,22,,,,,,26
,2,,129,,,,,,3,,,,,,19
,10,,120,,,,,,21,,,,,,13
,3,,208,,,,,,0,,,,,,59
,10,,107,,,,,,25,,,,,,52
,8,,136,,,,,,20,,,,,,2
,1,,188,,,,,,4,,,,,,94
,4,,167,,,,,,19,,,,,,21
,1,,201,,,,,,16,,,,,,41
,5,,75,,,,,,13,,,,,,46
